event,date,Time,latitude,longitude,depth,magnitude,DateTime,time,Year,Month,Day,Hour,Minute,Second,i+,N+,T+,R+,dm+,n_child,n_parent,eventdateTime,x_km,y_km,time_days,cluster_id,cluster_probability
642,1980-08-06,22:16:24.40,-46.2,165.83,33.0,5.483,1980-08-06 22:16:24.400,218.633550925926,1980,8,6,22,16,24.4,417,9.373477993215955e-05,0.1424350957374753,0.0006580876675571,-0.1959999999999997,0.7051402836990682,0.331830721740738,1980-08-06 22:16:24.400,847.2528229797265,-768.1198732943565,218.53425787037037,0,0.9450037198005935
810,1980-10-05,15:32:50.32,-39.72,176.87,30.0,5.7,1980-10-05 15:32:50.320,278.35329537037035,1980,10,5,15,32,50.32,790,0.0001253113395758,0.0192848207490545,0.0064979260739051,-0.9000000000000004,5.267812707634216,0.497746082611107,1980-10-05 15:32:50.320,1869.305009505432,-226.43708713448618,278.25400231481484,21,0.8456872096239129
1214,1981-03-05,12:53:26.39,-37.13,177.32001,5.0,5.9,1981-03-05 12:53:26.390,429.2426017361111,1981,3,5,12,53,26.39,1211,8.352525556314606e-07,0.0032924200750189,0.0002536895464733,-2.285,3.940489820671264,0.0829576804351845,1981-03-05 12:53:26.390,1977.8416144485957,46.96103522309473,429.14330868055555,28,1.0
3051,1982-07-04,15:42:23.75,-44.72,167.81,82.0,5.15,1982-07-04 15:42:23.750,915.3599322916668,1982,7,4,15,42,23.75,3024,5.414457412506436e-06,0.0215171100095586,0.0002516349737534,-0.8790000000000004,0.497746082611107,0.0829576804351845,1982-07-04 15:42:23.750,1024.5505540080744,-626.2244977830466,915.2606392361112,1,1.0
2074,1981-11-16,12:02:46.08,-37.36,176.73,182.0,5.96,1981-11-16 12:02:46.080,685.207412962963,1981,11,16,12,2,46.08,2038,4.445318968949272e-06,0.0215176017566434,0.0002065898894878,-0.8520000000000003,3.857532140236079,0.4562672423935147,1981-11-16 12:02:46.080,1920.8930273122432,34.60603643129978,685.1081199074074,43,0.9827775841636944
1795,1981-08-30,13:22:43.99,-38.11,179.77,12.0,4.853,1981-08-30 13:22:43.990,607.2629443287037,1981,8,30,13,22,43.99,966,0.0003024302367334,0.586392391846839,0.0005157472043266,0.3470000000000004,0.0414788402175922,0.3733095619583302,1981-08-30 13:22:43.990,2158.692770314677,-116.72858518951033,607.1636512731482,19,1.0
2400,1982-02-05,17:51:37.06,-40.67,175.92999,33.0,5.4,1982-02-05 17:51:37.060,766.449669675926,1982,2,5,17,51,37.06,2252,3.754604047570637e-05,0.0662685738573135,0.0005665738417209,0.0,2.57168809349072,1.4517594076157287,1982-02-05 17:51:37.060,1765.9988363477553,-310.8638681352759,766.3503766203704,34,1.0
2606,1982-03-28,10:20:18.53,-37.09,177.25999,12.0,4.933,1982-03-28 10:20:18.530,817.136260763889,1982,3,28,10,20,18.53,1214,0.0,4.437695592286489,0.0,-1.1629999999999998,0.663661443481476,0.1244365206527767,1982-03-28 10:20:18.530,1973.743725845747,52.65637436227635,817.0369677083333,44,1.0
2932,1982-06-16,08:20:43.28,-40.71,178.06,12.0,5.021,1982-06-16 08:20:43.280,897.053213888889,1982,6,16,8,20,43.28,2929,7.526448209969021e-10,2.5869024233532403e-05,2.9094441839104844e-05,-0.5149999999999997,0.5392249228286993,0.1244365206527767,1982-06-16 08:20:43.280,1939.2223708622878,-360.23232847890847,896.9539208333334,41,1.0
3242,1982-08-20,14:29:20.50,-38.15,176.64999,159.0,4.338,1982-08-20 14:29:20.500,962.3092002314816,1982,8,20,14,29,20.5,3231,9.746742863909912e-06,0.0091697674136747,0.001062921492357,0.0620000000000002,0.2073942010879612,0.165915360870369,1982-08-20 14:29:20.500,1893.1511870292713,-50.133624947363444,962.209907175926,55,0.9989807656041328
3480,1982-10-13,23:25:12.04,-40.17,174.99001,25.0,4.885,1982-10-13 23:25:12.040,1016.681324537037,1982,10,13,23,25,12.04,3474,0.0,0.0030544318501969,0.0,-0.1539999999999999,0.7051402836990682,0.1244365206527767,1982-10-13 23:25:12.040,1701.33986478693,-237.634737634083,1016.5820314814814,58,1.0
4944,1983-09-10,18:45:15.97,-38.33,175.84,205.0,5.18,1983-09-10 18:45:15.970,1348.4869255787037,1983,9,10,18,45,15.97,4932,3.0466880647623422e-06,0.0137509891849424,0.0002215613745154,-0.7469999999999999,0.663661443481476,0.2073942010879612,1983-09-10 18:45:15.970,1819.5303174291605,-52.99082283190596,1348.387632523148,59,0.27832070046360924
4635,1983-06-26,05:10:20.03,-45.21,166.88,5.0,5.367,1983-06-26 05:10:20.030,1271.9210003472224,1983,6,26,5,10,20.03,4620,6.187845348040104e-05,0.0259445221853619,0.0023850296042574,-1.3129999999999995,1.0784498456573983,0.0829576804351845,1983-06-26 05:10:20.030,943.7205264525006,-669.6864924503075,1271.8217072916668,2,1.0
5916,1984-05-05,05:28:25.95,-42.25,172.78,12.0,5.078,1984-05-05 05:28:25.950,1585.9335688657409,1984,5,5,5,28,25.95,5912,5.0972782125951846e-05,0.0035424292438368,0.0143892167259614,-1.5280000000000005,0.7880979641342528,0.0414788402175922,1984-05-05 05:28:25.950,1470.1260721580923,-425.74307464993234,1585.8342758101853,40,0.9578092136949772
5345,1983-12-14,20:56:29.40,-38.36,176.33,5.0,4.62,1983-12-14 20:56:29.400,1443.5780532407407,1983,12,14,20,56,29.4,5343,6.045984139211892e-10,1.4761483789569102e-05,4.095783476376652e-05,-0.911,0.5392249228286993,0.0414788402175922,1983-12-14 20:56:29.400,1860.4042613290808,-66.3805049135947,1443.4787601851851,60,1.0
5593,1984-02-21,08:23:40.74,-38.9,175.7,8.0,5.33,1984-02-21 08:23:40.740,1512.055267824074,1984,2,21,8,23,40.74,4977,0.0,2.4241137633143577,0.0,-1.83,1.4517594076157287,0.0829576804351845,1984-02-21 08:23:40.740,1793.0563208766268,-112.5671780033888,1511.9559747685184,61,0.6982723878007611
6102,1984-06-24,13:29:40.72,-43.58659,170.63451,12.0,6.1,1984-06-24 13:29:40.720,1636.2677675925927,1984,6,24,13,29,40.72,5617,0.0001084866819616,1.1716355151681916,9.259422453246344e-05,-2.191,9.083866007652704,0.0414788402175922,1984-06-24 13:29:40.720,1268.9810259250785,-538.8136146142854,1636.168474537037,32,1.0
6406,1984-09-21,16:46:58.84,-37.99,176.85001,152.0,4.988,1984-09-21 16:46:58.840,1725.4047828703706,1984,9,21,16,46,58.84,5216,9.266507654195332e-06,0.6918274797788317,1.3394246289779807e-05,0.1719999999999997,0.165915360870369,0.663661443481476,1984-09-21 16:46:58.840,1914.4522020837446,-36.89490301874244,1725.3054898148148,48,0.9456252059265936
6949,1984-12-30,21:36:54.86,-36.59,177.55,12.0,6.7,1984-12-30 21:36:54.860,1825.606125694444,1984,12,30,21,36,54.86,6804,0.0,0.0084274741766683,0.0,-2.42,17.462591731606338,0.1244365206527767,1984-12-30 21:36:54.860,2012.3225703922444,100.92739291397201,1825.506832638889,94,0.885860978945373
8014,1985-04-25,23:27:07.50,-40.15,174.97,16.0,4.964,1985-04-25 23:27:07.500,1941.6826608796296,1985,4,25,23,27,7.5,7827,1.3426714482307572e-05,0.5643437898158828,2.379172895069517e-05,-1.1140000000000003,0.7880979641342528,0.0414788402175922,1985-04-25 23:27:07.500,1700.1829404914993,-235.05859779823692,1941.583367824074,78,0.9992585939706076
8227,1985-06-12,02:04:07.62,-45.13,167.67,86.0,5.1,1985-06-12 02:04:07.620,1988.7916900462965,1985,6,12,2,4,7.62,8166,6.993832949555301e-06,0.0703063023760493,9.947661465891324e-05,-0.657,0.4562672423935147,0.2073942010879612,1985-06-12 02:04:07.620,1006.5722644947291,-669.8191319908163,1988.6923969907407,3,1.0
8048,1985-05-06,17:10:05.20,-37.69,179.73,33.0,6.3,1985-05-06 17:10:05.200,1952.420828703704,1985,5,6,17,10,5.2,966,2.8492374377994694e-05,3.4097979251321657,8.35603018231361e-06,-1.0999999999999996,3.276828377189788,0.3733095619583302,1985-05-06 17:10:05.200,2168.017107971526,-70.01022675398725,1952.3215356481483,95,0.8630350063804074
9499,1986-07-07,05:18:05.06,-40.9,174.7,50.0,4.586,1986-07-07 05:18:05.060,2378.926382638889,1986,7,7,5,18,5.06,9497,1.2127710139086964e-05,0.0005233714560351,0.0231722804123887,-2.1530000000000005,0.995492165222214,0.0414788402175922,1986-07-07 05:18:05.060,1659.0424133247943,-312.0493356968884,2378.8270895833334,128,0.9475012937153277
10576,1987-02-25,19:11:25.39,-37.71513,176.53258,5.0,4.402,1987-02-25 19:11:25.390,2612.505090162037,1987,2,25,19,11,25.39,10553,1.4049082642036778e-07,0.0294173886589549,4.775774901338865e-06,-0.4380000000000001,0.8710556445694373,0.2073942010879612,1987-02-25 19:11:25.390,1894.6032315735345,-0.06110661472339017,2612.4057971064817,129,1.0
10718,1987-03-02,01:42:34.99,-37.89126,176.80247,10.0,6.5,1987-03-02 01:42:34.990,2616.776729050926,1987,3,2,1,42,34.99,10716,1.171842046001402e-10,4.332138505474587e-06,2.7049967227975933e-05,-2.149,39.6122924078006,0.0829576804351845,1987-03-02 01:42:34.990,1913.030680026576,-25.075911058908645,2616.67743599537,130,0.44680887756556864
24957,1990-03-28,03:30:13.90,-38.17632,176.33833,145.6936,6.047,1990-03-28 03:30:13.900,3738.851484953704,1990,3,28,3,30,13.9,24953,2.350017831743773e-06,0.0001579798809952,0.0148754247499042,-0.5379999999999994,9.95492165222214,0.5392249228286993,1990-03-28 03:30:13.900,1865.925373916004,-46.45260143541671,3738.752191898148,192,0.9645771831414032
14976,1988-04-29,05:16:31.44,-40.43263,173.82242,129.2962,5.502,1988-04-29 05:16:31.440,3040.9252990740742,1988,4,29,5,16,31.44,14047,4.563674218810138e-05,0.3513197214388309,0.0001299008834494,-0.8969999999999994,4.97746082611107,0.829576804351845,1988-04-29 05:16:31.440,1598.0619031613696,-244.58356213546085,3040.8260060185185,151,0.9399757767437259
15425,1988-06-03,23:27:34.51,-45.11958,167.28893,73.0,6.7,1988-06-03 23:27:34.510,3076.6829734953703,1988,6,3,23,27,34.51,14250,4.197734683408203e-05,0.1785157612355389,0.0002351464461375,-1.3660000000000003,68.93783244163832,1.65915360870369,1988-06-03 23:27:34.510,977.05868089906,-664.2709682245764,3076.583680439815,56,0.686596682811608
17508,1988-10-15,22:22:36.44,-44.9037,167.5621,84.6991,4.068,1988-10-15 22:22:36.440,3210.637856944444,1988,10,15,22,22,36.44,15424,3.1105360417593446e-06,0.0474742979205441,6.552042216538567e-05,2.632000000000001,0.0414788402175922,68.93783244163832,1988-10-15 22:22:36.440,1002.0045090604523,-643.5816999240869,3210.5385638888893,57,1.0
20555,1989-05-31,05:54:23.12,-45.32543,166.86928,23.0,6.4,1989-05-31 05:54:23.120,3437.9515916666664,1989,5,31,5,54,23.12,15424,1.3438789032949628e-05,0.1280354516894323,0.0001049614685278,0.2999999999999998,17.835901293564667,68.93783244163832,1989-05-31 05:54:23.120,941.0296742935193,-682.3188280771495,3437.8522986111116,49,0.9471931338778177
23329,1990-02-10,03:27:41.96,-42.2453,172.64594,12.6662,5.9,1990-02-10 03:27:41.960,3692.849726388889,1990,2,10,3,27,41.96,23322,4.6845414558460005e-07,0.0029640515337239,0.0001580452094893,-1.7310000000000008,18.914351139222067,0.2903518815231458,1990-02-10 03:27:41.960,1459.4011474171264,-422.97571721988805,3692.750433333333,137,0.33157123496514046
23771,1990-02-19,05:34:37.83,-40.46777,176.4364,33.8151,6.2,1990-02-19 05:34:37.830,3701.937873032408,1990,2,19,5,34,37.83,23762,2.069257334553029e-06,0.0065942944288334,0.0003137951083144,-2.645,33.34898753494417,0.1244365206527767,1990-02-19 05:34:37.830,1813.0570376055211,-299.07426950958927,3701.838579976852,154,0.8570623940898411
25640,1990-05-13,04:23:10.19,-40.42669,176.47076,29.9859,6.4,1990-05-13 04:23:10.190,3784.888247569444,1990,5,13,4,23,10.19,23770,3.1542999512768444e-07,0.0531885745344735,5.93040888740574e-06,-0.2000000000000001,71.42656285469386,33.34898753494417,1990-05-13 04:23:10.190,1816.9999679073755,-295.29513418002523,3784.788954513889,155,0.9944755223145698
72317,1994-09-10,09:32:31.91,-37.9811,176.87115,126.3044,5.945,1994-09-10 09:32:31.910,5366.103082291666,1994,9,10,9,32,31.91,72310,6.003190599316968e-06,0.0002371638245136,0.0253124211149303,-1.335,12.73400394680082,0.2073942010879612,1994-09-10 09:32:31.910,1916.4926616932776,-36.3746273050988,5366.003789236111,220,0.9511705351301669
28212,1990-10-04,23:48:26.73,-41.68313,175.51021,22.3497,5.6,1990-10-04 23:48:26.730,3929.697466782408,1990,10,4,23,48,26.73,28210,1.2991200929127e-07,0.0001724264537978,0.0007534343276791,-3.332,6.63661443481476,0.0829576804351845,1990-10-04 23:48:26.730,1704.94072860925,-413.317275715955,3929.5981737268517,163,0.9658534479300156
30439,1991-01-28,18:00:54.52,-41.90484,171.72807,17.3512,6.0,1991-01-28 18:00:54.520,4045.45612175926,1991,1,28,18,0,54.52,30364,3.093452199634742e-09,0.0002161739347504,1.4310014772160066e-05,-0.2000000000000001,20.11723750553224,4.147884021759225,1991-01-28 18:00:54.520,1392.5081469488396,-370.5962311189248,4045.3568287037037,135,0.9754249188071953
36551,1991-11-09,19:35:32.85,-44.626,167.70177,6.7189,5.473,1991-11-09 19:35:32.850,4330.5218431712965,1991,11,9,19,35,32.85,36549,2.4490968645909262e-06,0.0001358804360133,0.0180239108472529,-2.567,3.7330956195833034,0.0414788402175922,1991-11-09 19:35:32.850,1017.6677850506878,-614.5682618403065,4330.422550115741,88,0.862336508528488
33389,1991-06-09,11:01:35.05,-40.11396,174.40697,106.284,5.911,1991-06-09 11:01:35.050,4177.164924189815,1991,6,9,11,1,35.05,21397,2.9510942413352063e-06,1.1095756868754405,2.659660153193761e-06,-0.5109999999999992,19.080266500092435,5.433728068504585,1991-06-09 11:01:35.050,1654.293443950876,-220.41298613604062,4177.065631134259,177,1.0
32641,1991-05-06,06:39:03.27,-38.63196,178.6109,45.8594,4.122,1991-05-06 06:39:03.270,4142.982611921297,1991,5,6,6,39,3.27,32639,2.143913883628553e-05,0.001499657641484,0.0142960221341379,-0.969,0.2488730413055535,0.0414788402175922,1991-05-06 06:39:03.270,2045.5678091689733,-146.17379605473712,4142.883318865741,157,0.9943065538695367
38640,1992-02-18,10:27:11.30,-39.90636,174.01866,121.685,5.895,1992-02-18 10:27:11.300,4431.141038194444,1992,2,18,10,27,11.3,37657,6.972751308149225e-06,0.299853103815805,2.325389071987888e-05,-1.5949999999999998,12.443652065277677,0.2903518815231458,1992-02-18 10:27:11.300,1626.946751537465,-190.44425033408257,4431.0417451388885,180,1.0
38893,1992-03-02,09:05:56.92,-40.432,176.59865,36.9407,5.5,1992-03-02 09:05:56.920,4444.084621759259,1992,3,2,9,5,56.92,38884,1.1358090630253296e-06,0.0025724679661468,0.0004415250560832,-1.5870000000000002,6.926966316337906,0.165915360870369,1992-03-02 09:05:56.920,1827.3799117137514,-298.52639066616246,4443.985328703703,176,1.0
44370,1992-08-21,17:39:55.75,-45.11485,167.48454,108.1526,4.714,1992-08-21 17:39:55.750,4616.441552662037,1992,8,21,17,39,55.75,44367,2.4481217244381066e-06,0.0022426922199155,0.0010915995082598,-2.0490000000000004,1.2028863663101752,0.0414788402175922,1992-08-21 17:39:55.750,992.3824210748476,-665.9899015651223,4616.342259606482,89,0.8911285742293714
39587,1992-03-25,17:27:31.85,-37.24556,177.20511,12.0,5.6,1992-03-25 17:27:31.850,4467.432942708333,1992,3,25,17,27,31.85,39585,2.675951475601305e-06,0.000140693192995,0.0190197650549866,-1.1839999999999993,6.802529795685129,0.165915360870369,1992-03-25 17:27:31.850,1964.8319885513988,36.84350408834896,4467.333649652777,209,1.0
39858,1992-03-30,07:02:52.38,-43.04293,171.22812,5.0,5.5,1992-03-30 07:02:52.380,4471.999152546296,1992,3,30,7,2,52.38,39839,5.99322570159089e-07,0.0174847211136169,3.4276930484887344e-05,-2.841,9.58161209026381,0.0829576804351845,1992-03-30 07:02:52.380,1327.7274039997444,-487.9076999530986,4471.899859490741,138,1.0
41293,1992-05-16,17:57:13.49,-38.2338,178.36653,23.7078,5.8,1992-05-16 17:57:13.490,4519.453563541667,1992,5,16,17,57,13.49,41291,9.995539786729124e-06,0.0024931093533046,0.0040092664902482,-3.02,17.918858973999853,0.0414788402175922,1992-05-16 17:57:13.490,2036.4828136213152,-97.1282993847733,4519.354270486111,208,1.0
42451,1992-06-21,17:43:09.43,-37.58035,176.87488,5.0,6.3,1992-06-21 17:43:09.430,4555.443794328704,1992,6,21,17,43,9.43,42443,1.610567219002726e-05,0.0040200346222847,0.0040063516121843,-2.2909999999999995,30.486947559930304,0.0829576804351845,1992-06-21 17:43:09.430,1927.5044145537595,7.384888554805092,4555.344501273148,210,0.5492036928936543
44457,1992-08-25,11:28:25.63,-37.52079,177.06569,12.0,4.755,1992-08-25 11:28:25.630,4620.183565162037,1992,8,25,11,28,25.63,42749,4.910498650518085e-07,0.2004966105984003,2.4491679115483576e-06,0.1059999999999998,0.7051402836990682,0.7466191239166605,1992-08-25 11:28:25.630,1945.4608858846264,9.776805611890062,4620.084272106482,211,1.0
53320,1993-08-10,09:46:39.92,-38.5284,177.9095,45.5341,6.2,1993-08-10 09:46:39.920,4970.112897222222,1993,8,10,9,46,39.92,52853,2.2413762957182182e-06,0.0001169050407201,0.0191726231983705,0.5999999999999996,34.676310421907125,141.56728166264236,1993-08-10 09:46:39.920,1989.496145008734,-118.93986412963407,4970.0136041666665,199,0.9463440239429893
52854,1993-08-10,00:51:51.60,-45.21383,166.70848,5.0,6.8,1993-08-10 00:51:51.600,4969.74150462963,1993,8,10,0,51,51.6,20554,2.883100687035377e-05,0.7748171149842702,3.721008004700448e-05,-0.3999999999999994,141.56728166264236,17.835901293564667,1993-08-10 00:51:51.600,930.3001759249412,-668.2392477376806,4969.642211574074,101,0.1745761263201511
56366,1993-08-26,01:29:58.64,-35.59806,178.29837,33.0,5.6,1993-08-26 01:29:58.640,4985.767975000001,1993,8,26,1,29,58.64,56358,1.0102510071028384e-07,0.0003673821318408,0.0002749864295361,-0.9129999999999994,2.0324631706620204,0.2073942010879612,1993-08-26 01:29:58.640,2104.7364113300364,192.37764316883806,4985.668681944445,136,1.0
56838,1993-09-03,08:52:29.89,-42.91108,173.04988,15.9239,5.163,1993-09-03 08:52:29.890,4994.075281134259,1993,9,3,8,52,29.89,56755,4.706557657699635e-08,0.0042424418810002,1.1093982639521712e-05,-0.1699999999999999,2.94499765544905,0.829576804351845,1993-09-03 08:52:29.890,1476.3753252503222,-502.84229803436915,4993.975988078704,140,1.0
60560,1993-12-28,02:54:19.06,-43.36768,170.85031,12.0,4.327,1993-12-28 02:54:19.060,5109.826544675926,1993,12,28,2,54,19.06,52853,0.0001559054765503,0.0440952448636543,0.0035356528131866,2.473,0.331830721740738,141.56728166264236,1993-12-28 02:54:19.060,1290.7009068655332,-517.9206136240251,5109.72725162037,47,1.0
62021,1994-02-19,06:43:39.23,-36.75023,177.13353,12.0,4.943,1994-02-19 06:43:39.230,5162.985805902777,1994,2,19,6,43,39.23,61939,2.188432760752124e-07,0.0180740149816312,1.2108171665101742e-05,-0.8019999999999996,0.5807037630462916,0.0829576804351845,1994-02-19 06:43:39.230,1971.896467470155,92.60407645904665,5162.886512847222,188,1.0
62684,1994-03-14,20:23:16.08,-45.13848,166.29599,12.0,4.335,1994-03-14 20:23:16.080,5186.554982407408,1994,3,14,20,23,16.08,62492,2.6458549447578886e-06,0.067719424077545,3.907084238826571e-05,-0.4180000000000001,0.2488730413055535,0.1244365206527767,1994-03-14 20:23:16.080,899.3102337856101,-655.5236514554438,5186.455689351852,100,1.0
76995,1994-12-20,14:23:03.19,-40.50689,174.989,54.9361,4.707,1994-12-20 14:23:03.190,5467.304833217592,1994,12,20,14,23,3.19,76130,3.5792931224175987e-06,0.0096474647734363,0.0003710086749705,0.5579999999999998,1.2028863663101752,4.23084170219441,1994-12-20 14:23:03.190,1692.7456533492932,-274.5080602628004,5467.205540162037,175,0.9554671901542834
64918,1994-06-18,03:25:14.60,-43.00782,171.47618,4.2668,6.7,1994-06-18 03:25:14.600,5281.848020833333,1994,6,18,3,25,14.6,64908,3.6076953173289617e-07,0.0314483529572554,1.1471810057056214e-05,-4.145,194.5357606205077,0.0829576804351845,1994-06-18 03:25:14.600,1348.339080306349,-487.8685872970789,5281.748727777777,133,0.5504238261696425
72841,1994-09-22,00:47:57.83,-38.12803,179.16815,26.4114,5.642,1994-09-22 00:47:57.830,5377.738798958334,1994,9,22,0,47,57.83,72839,1.897884180471287e-05,0.000107682329763,0.1762484322773718,-2.26,6.055910671768468,0.0414788402175922,1994-09-22 00:47:57.830,2107.337571469893,-104.25745032626142,5377.639505902778,214,1.0
82589,1995-03-11,00:09:54.33,-45.24256,167.25581,93.7856,5.222,1995-03-11 00:09:54.330,5547.712369560186,1995,3,11,0,9,54.33,77067,6.405144944935274e-06,0.3379716913553138,1.8951720243934472e-05,-0.6270000000000007,2.447251572837943,0.3733095619583302,1995-03-11 00:09:54.330,972.4383942924985,-677.4735787996393,5547.61307650463,92,0.888887930241498
76044,1994-12-15,11:20:19.55,-37.19873,177.52795,12.0,6.25,1994-12-15 11:20:19.550,5462.177939236111,1994,12,15,11,20,19.55,76042,1.7739396078545932e-08,0.000246736790952,7.189603143534245e-05,-1.7039999999999995,25.26061369251368,0.0829576804351845,1994-12-15 11:20:19.550,1993.8871005874307,34.84565722282566,5462.078646180556,216,0.5424554204322649
78343,1995-02-05,22:51:02.30,-37.64958,179.48859,12.0,7.15,1995-02-05 22:51:02.300,5514.657600694444,1995,2,5,22,51,2.3,78306,1.8358652538226893e-05,0.0081725062920125,0.0022463919735577,-2.8690000000000007,116.26518912991108,0.1244365206527767,1995-02-05 22:51:02.300,2148.722839342886,-59.76353596697059,5514.558307638888,215,0.9395955580970232
83401,1995-04-02,22:03:43.50,-39.25875,175.31799,5.0,4.776,1995-04-02 22:03:43.500,5570.6247442129625,1995,4,2,22,3,43.5,83399,1.117231152504136e-09,3.5742732647330382e-06,0.0003125757516997,-1.227,1.2443652065277675,0.2903518815231458,1995-04-02 22:03:43.500,1751.742302513118,-144.23161644770366,5570.525451157408,212,1.0
83860,1995-04-16,20:55:14.01,-40.24141,176.42587,57.4029,4.645,1995-04-16 20:55:14.010,5584.577180671296,1995,4,16,20,55,14.01,78342,2.7894130053845363e-05,0.0145327837330418,0.0019193934600722,2.505000000000001,1.0369710054398062,116.26518912991108,1995-04-16 20:55:14.010,1818.3211976328882,-274.12123298903936,5584.477887615741,152,0.9608997966608699
84984,1995-05-29,10:06:42.27,-42.94038,171.60197,4.0585,5.5,1995-05-29 10:06:42.270,5627.126813310186,1995,5,29,10,6,42.27,84982,6.869398057954529e-12,2.428036321113628e-07,2.829199052015768e-05,-1.982,6.180347192421245,0.0414788402175922,1995-05-29 10:06:42.270,1359.8750533506427,-482.4170356704315,5627.02752025463,134,1.0
88978,1995-11-24,09:21:10.06,-37.40749,179.50644,12.0,5.211,1995-11-24 09:21:10.060,5806.095190509259,1995,11,24,9,21,10.06,78342,1.3070501749940165e-06,0.0605752990201006,2.157727978462474e-05,1.939,0.2903518815231458,116.26518912991108,1995-11-24 09:21:10.060,2157.455640838488,-33.80622357711796,5805.995897453704,189,0.5230253360513283
91597,1996-02-28,14:23:10.88,-45.06158,167.40926,114.3676,6.193,1996-02-28 14:23:10.880,5902.304922222222,1996,2,28,14,23,10.88,91154,4.44096786299883e-06,0.1067707761574026,4.159347738047635e-05,-1.649,32.06314348819881,0.5807037630462916,1996-02-28 14:23:10.880,987.4089152902059,-659.2424477587759,5902.205629166667,98,0.9861529452391358
88778,1995-11-24,06:18:57.88,-42.95296,171.81883,7.263,6.2,1995-11-24 06:18:57.880,5805.968660648148,1995,11,24,6,18,57.88,64917,1.2105597863750425e-05,0.1857510436365267,6.517108936108254e-05,0.5,41.935107459985765,194.5357606205077,1995-11-24 06:18:57.880,1376.9686238025315,-487.21446487382366,5805.869367592592,132,0.6350614838991301
92505,1996-04-12,10:35:08.42,-42.94537,171.88081,12.0,4.279,1996-04-12 10:35:08.420,5946.146560416667,1996,4,12,10,35,8.42,88777,6.814807415145753e-07,0.0898834117571691,7.58182993048459e-06,1.9210000000000005,0.4147884021759225,41.935107459985765,1996-04-12 10:35:08.420,1382.0984642501205,-487.3647907081649,5946.047267361111,131,1.0
92950,1996-05-01,04:40:37.67,-40.43717,176.84509,48.2994,4.351,1996-05-01 04:40:37.670,5964.900371180555,1996,5,1,4,40,37.67,92946,1.4099250710799775e-06,0.0031424464642271,0.0004486711506879,-1.404,0.4147884021759225,0.0829576804351845,1996-05-01 04:40:37.670,1847.5056658459553,-304.24389936952764,5964.801078125,186,1.0
95686,1996-09-19,12:16:34.18,-42.4819,172.82445,9.4888,5.798,1996-09-19 12:16:34.180,6106.216997453704,1996,9,19,12,16,34.18,95245,3.178019886915449e-07,0.0397308404816393,7.998874044419209e-06,-0.4980000000000002,14.01984799354618,1.5761959282685056,1996-09-19 12:16:34.180,1468.346424054847,-451.9412639351925,6106.117704398149,139,1.0
115334,1998-12-29,13:45:23.89,-38.22017,176.2798,162.0662,5.741,1998-12-29 13:45:23.890,6937.278683912036,1998,12,29,13,45,23.89,108296,1.858559619821378e-05,1.0806799217888987,1.7198058207140737e-05,-1.0569999999999995,6.595135594597168,2.0324631706620204,1998-12-29 13:45:23.890,1859.7961435258023,-50.03066782782899,6937.179390856481,219,1.0
117865,1999-04-25,20:18:25.66,-45.13572,167.54306,114.9695,5.255,1999-04-25 20:18:25.660,7054.551621064814,1999,4,25,20,18,25.66,116284,5.197130551484318e-06,0.6505935665408022,7.988290722143774e-06,-1.2249999999999996,4.396757063064778,0.2903518815231458,1999-04-25 20:18:25.660,996.5885032356283,-668.9708130717366,7054.452328009259,99,1.0
98357,1997-01-20,16:46:14.44,-39.81976,176.76074,57.8461,4.468,1997-01-20 16:46:14.440,6229.404268981481,1997,1,20,16,46,14.44,98322,5.399293806087871e-06,0.0198662049164506,0.0002717828507656,-0.7080000000000002,0.829576804351845,0.0829576804351845,1997-01-20 16:46:14.440,1857.5009963370348,-235.02969318726855,6229.304975925926,194,0.9394086998036432
98329,1997-01-19,14:56:11.45,-37.79556,179.19794,21.9543,5.382,1997-01-19 14:56:11.450,6228.327845486111,1997,1,19,14,56,11.45,78342,5.111464458596997e-06,0.1483363505286787,3.44586100465561e-05,1.768000000000001,1.65915360870369,116.26518912991108,1997-01-19 14:56:11.450,2119.697996331415,-68.72152338603627,6228.228552430555,200,1.0
99565,1997-03-03,14:13:22.05,-35.86169,178.42953,12.0,5.408,1997-03-03 14:13:22.050,6271.298107060185,1997,3,3,14,13,22.05,99563,2.76302753871184e-07,8.815172687814648e-05,0.0031343997860997,-0.9960000000000004,0.4562672423935147,0.0414788402175922,1997-03-03 14:13:22.050,2108.92939371202,160.50106994433474,6271.19881400463,201,0.09958668881997207
104679,1997-11-07,22:30:01.64,-40.42646,176.84457,16.2607,5.392,1997-11-07 22:30:01.640,6520.643009722222,1997,11,7,22,30,1.64,104666,2.645091085964233e-06,0.0118256896405264,0.0002236733050138,-2.0460000000000003,3.981968660888856,0.165915360870369,1997-11-07 22:30:01.640,1847.7589553706753,-303.0634348101729,6520.543716666667,195,1.0
104330,1997-10-22,13:56:46.36,-37.19293,178.98871,12.0,4.234,1997-10-22 13:56:46.360,6504.286582870371,1997,10,22,13,56,46.36,78342,2.290736277020672e-05,0.2056943702847535,0.0001113660171568,2.9160000000000004,0.0414788402175922,116.26518912991108,1997-10-22 13:56:46.360,2119.4994461028796,1.969952132602337,6504.187289814815,142,0.9583881869444023
104972,1997-11-24,02:23:56.70,-40.48918,174.6516,70.219,5.184,1997-11-24 02:23:56.700,6536.805452546297,1997,11,24,2,23,56.7,104951,4.227587605149578e-05,0.0362540921293153,0.0011660994268095,-2.5530000000000004,4.60415126415274,0.0829576804351845,1997-11-24 02:23:56.700,1665.3202840260674,-266.1343502667082,6536.70615949074,179,1.0
106483,1998-01-26,23:05:57.50,-47.63322,165.27844,12.0,5.9,1998-01-26 23:05:57.500,6600.667961805555,1998,1,26,23,5,57.5,106028,2.449666564497792e-07,0.1389406682401224,1.7631026218070195e-06,-1.6870000000000005,5.972952991333284,0.0414788402175922,1998-01-26 23:05:57.500,784.5157383476827,-921.3303676221127,6600.56866875,31,1.0
115323,1998-12-29,01:43:44.11,-40.42963,173.72427,122.3137,4.474,1998-12-29 01:43:44.110,6936.777529050926,1998,12,29,1,43,44.11,115291,2.6889786825661127e-05,0.0144193628739412,0.0018648387630396,-0.8150000000000004,0.4147884021759225,0.1244365206527767,1998-12-29 01:43:44.110,1589.9954732643419,-242.4805748187352,6936.67823599537,182,0.9841732284588111
108968,1998-04-02,06:59:03.00,-38.1257,176.48737,5.0,4.751,1998-04-02 06:59:03.000,6665.996497685185,1998,4,2,6,59,3.0,108939,3.44725837406207e-10,8.001545873597398e-05,4.3082404681787125e-06,-0.2460000000000004,3.7330956195833034,1.7421112891388746,1998-04-02 06:59:03.000,1879.9474835265462,-44.038906631532036,6665.897204629629,218,0.23499695013817387
110329,1998-05-18,23:20:44.56,-37.52084,176.99403,5.0,4.362,1998-05-18 23:20:44.560,6712.678228703704,1998,5,18,23,20,44.56,110320,6.393019986355377e-07,0.0065053409355729,9.827340411010084e-05,-1.166,0.829576804351845,0.0414788402175922,1998-05-18 23:20:44.560,1939.3118455458177,11.324567822064202,6712.578935648147,217,1.0
113746,1998-10-20,10:48:46.55,-40.36363,175.80565,46.1626,4.238,1998-10-20 10:48:46.550,6867.15602951389,1998,10,20,10,48,46.55,113744,1.2651916871913116e-05,0.0003608880215413,0.0350577356873133,-0.9380000000000006,0.2903518815231458,0.0414788402175922,1998-10-20 10:48:46.550,1763.8596294358272,-274.86394568314,6867.056736458333,167,0.9106088995060018
115876,1999-01-22,02:05:12.18,-41.70119,174.42805,5.0,4.507,1999-01-22 02:05:12.180,6960.792437268519,1999,1,22,2,5,12.18,115873,2.000870298645045e-09,0.0001564371134834,1.2790253246755327e-05,-0.5109999999999997,1.4102805673981365,0.165915360870369,1999-01-22 02:05:12.180,1616.771205689489,-394.71109685474215,6960.693144212963,181,1.0
118186,1999-05-14,00:48:00.14,-37.51161,177.27728,80.6803,4.338,1999-05-14 00:48:00.140,7072.738825694444,1999,5,14,0,48,0.14,118180,1.2481829472489172e-05,0.0023724177253022,0.0052612275398923,-0.4530000000000003,0.2488730413055535,0.0829576804351845,1999-05-14 00:48:00.140,1963.8544521620238,6.164869896910963,7072.639532638889,153,1.0
118415,1999-05-24,15:46:28.55,-47.29759,165.23715,12.0,5.165,1999-05-24 15:46:28.550,7083.362765625001,1999,5,24,15,46,28.55,118375,1.5071650293854607e-08,0.0032702330455945,4.608738913625181e-06,-0.391,0.6221826032638837,0.165915360870369,1999-05-24 15:46:28.550,786.2256187005179,-883.8198225724219,7083.263472569444,38,1.0
121356,1999-10-24,10:39:18.90,-39.73972,177.05533,47.3617,4.931,1999-10-24 10:39:18.900,7236.14945949074,1999,10,24,10,39,18.9,121351,3.866607221792399e-06,0.0023070230487027,0.0016760158612054,-1.89,1.5761959282685056,0.0414788402175922,1999-10-24 10:39:18.900,1884.1579955225384,-232.5314419218589,7236.050166435185,165,1.0
120959,1999-10-05,22:54:07.99,-37.43692,177.06158,5.0,4.452,1999-10-05 22:54:07.990,7217.659749884259,1999,10,5,22,54,7.99,120953,7.906231357245018e-09,0.0003106121166566,2.5453711987621585e-05,-0.1059999999999998,0.3733095619583302,0.2488730413055535,1999-10-05 22:54:07.990,1947.3559024196334,19.040445127534692,7217.560456828704,148,0.903489075216999
121391,1999-10-25,20:31:42.50,-38.57127,175.91405,160.811,6.0,1999-10-25 20:31:42.500,7237.56084375,1999,10,25,20,31,42.5,120471,1.984048076617198e-06,0.4870467579931642,4.073629572635497e-06,-2.238,14.476115235939696,0.165915360870369,1999-10-25 20:31:42.500,1819.6169202384642,-80.91957285427137,7237.461550694445,221,1.0
124467,2000-03-31,17:56:06.09,-41.26632,174.27835,47.0461,5.418,2000-03-31 17:56:06.090,7395.452783449075,2000,3,31,17,56,6.09,124371,1.2197273284563131e-05,0.0044968608782272,0.0027123972955488,-0.2179999999999999,7.217318197861052,7.258797038078644,2000-03-31 17:56:06.090,1615.381412889631,-344.30938277038024,7395.353490393519,173,1.0
126039,2000-06-05,19:52:47.21,-45.0966,167.49689,92.6401,4.779,2000-06-05 19:52:47.210,7461.533814930555,2000,6,5,19,52,47.21,126016,3.4730369557745468e-06,0.0120853909494549,0.0002873748123085,-1.346,2.156899691314797,0.0829576804351845,2000-06-05 19:52:47.210,993.6528809157888,-664.1180394812662,7461.434521875,102,1.0
125260,2000-04-30,16:15:18.32,-38.54638,175.81673,151.1433,4.643,2000-04-30 16:15:18.320,7425.382786111111,2000,4,30,16,15,18.32,124838,8.236036954950242e-07,0.0763344724991979,1.0789407046779264e-05,-0.0119999999999995,0.5807037630462916,0.6221826032638837,2000-04-30 16:15:18.320,1812.0055159782971,-76.21129843324121,7425.283493055555,223,1.0
129098,2000-11-01,10:35:55.77,-45.1172,166.9462,9.0,6.1,2000-11-01 10:35:55.770,7610.147108449073,2000,11,1,10,35,55.77,128941,1.3999212200829068e-05,0.2124857692226878,6.588305773154019e-05,-3.215,20.366110546837795,0.0414788402175922,2000-11-01 10:35:55.770,950.3754156027109,-660.1659001636324,7610.047815393518,103,0.5572301112560673
128983,2000-10-27,16:34:18.75,-38.32634,175.98453,170.131,5.304,2000-10-27 16:34:18.750,7605.395985532407,2000,10,27,16,34,18.75,120529,8.901078154851872e-07,1.0115683781923288,8.79928470160177e-07,-0.2480000000000002,2.488730413055535,1.2443652065277675,2000-10-27 16:34:18.750,1831.9187052734844,-55.546688294745785,7605.2966924768525,224,0.8603738411760021
129931,2000-11-22,01:42:16.84,-37.25773,177.16631,5.0,4.183,2000-11-22 01:42:16.840,7630.776518981482,2000,11,22,1,42,16.84,129920,1.3273593551656278e-06,0.009355215350858,0.0001418844254658,-0.7249999999999996,0.165915360870369,0.1244365206527767,2000-11-22 01:42:16.840,1961.1651642515444,36.36076929248387,7630.677225925927,196,1.0
130953,2000-12-31,21:56:50.82,-38.06736,178.79715,30.3858,5.3,2000-12-31 21:56:50.820,7670.619967824075,2000,12,31,21,56,50.82,130949,4.693149139860089e-07,0.0005712133131925,0.0008216106017609,-1.448,2.903518815231457,0.0414788402175922,2000-12-31 21:56:50.820,2077.739302196262,-88.92051450295908,7670.520674768518,202,0.9842878139261918
133897,2001-04-04,21:25:29.79,-41.70879,174.22595,29.8585,4.894,2001-04-04 21:25:29.790,7764.598196643519,2001,4,4,21,25,29.79,133894,8.97965731740438e-10,3.5012625776747894e-05,2.5646911987297528e-05,-0.7490000000000006,3.525701418495341,0.2073942010879612,2001-04-04 21:25:29.790,1600.177318380818,-391.8234201043483,7764.498903587963,178,1.0
144066,2002-04-01,20:14:36.24,-45.07451,167.58595,128.9679,5.627,2002-04-01 20:14:36.240,8126.548965740741,2002,4,1,20,14,36.24,127749,1.3398057537449994e-06,1.0954417959297285,1.2230734291162164e-06,-0.3369999999999997,10.245273533745284,3.484222578277749,2002-04-01 20:14:36.240,1000.969649361508,-662.7130424945207,8126.449672685186,96,0.9756083180529543
137880,2001-08-31,04:28:16.74,-40.37725,174.65182,93.71,4.68,2001-08-31 04:28:16.740,7912.891795601851,2001,8,31,4,28,16.74,137878,4.051513481165103e-05,0.0002388062509493,0.1696569275326055,-1.15,1.0369710054398062,0.0829576804351845,2001-08-31 04:28:16.740,1668.1219673677342,-253.87586213250344,7912.792502546296,183,1.0
137735,2001-08-27,12:50:35.75,-36.54986,-179.40862,33.0,5.399,2001-08-27 12:50:35.750,7909.240626736111,2001,8,27,12,50,35.75,137313,2.684098578682548e-07,0.0013668130104979,0.0001963764288214,1.7080000000000002,0.331830721740738,14.683509437027658,2001-08-27 12:50:35.750,2276.32932589619,32.787862468344805,7909.141333680555,170,0.47225246665187337
139726,2001-10-23,19:38:38.27,-38.54957,175.84917,165.3446,5.421,2001-10-23 19:38:38.270,7966.5239892361105,2001,10,23,19,38,38.27,14679,8.177124796741365e-07,4.13195694556639,1.9789956440653285e-07,0.5569999999999995,2.5302092532731275,9.996400492439731,2001-10-23 19:38:38.270,1814.674858713385,-77.22063844739169,7966.424696180556,222,1.0
139302,2001-10-15,03:49:38.47,-39.6938,176.72606,40.5315,5.5,2001-10-15 03:49:38.470,7957.864963773148,2001,10,15,3,49,38.47,139300,3.268678403985429e-06,5.87604027816858e-05,0.0556272293797856,-2.056,5.682601109810139,0.0414788402175922,2001-10-15 03:49:38.470,1858.053208457948,-220.53655208720494,7957.765670717593,150,0.8736896402762188
140091,2001-11-02,05:06:33.23,-41.18869,174.56706,34.3689,4.934,2001-11-02 05:06:33.230,7975.9183753472225,2001,11,2,5,6,33.23,140088,2.270321255068322e-06,4.4498400357475226e-05,0.0510202891975853,-0.5,3.981968660888856,0.165915360870369,2001-11-02 05:06:33.230,1640.9156887400654,-341.16791107876867,7975.819082291667,184,1.0
139465,2001-10-21,00:29:20.42,-36.88983,179.86261,12.0,6.6,2001-10-21 00:29:20.420,7963.725865972223,2001,10,21,0,29,20.42,139463,2.5996484018987383e-10,1.2572354962563574e-07,0.0020677497649721,-2.0409999999999995,14.01984799354618,0.0829576804351845,2001-10-21 00:29:20.420,2203.388969231162,13.944723903062169,7963.626572916666,169,0.3132479489550841
141060,2001-12-07,19:27:35.03,-44.11338,168.60509,5.0,5.8,2001-12-07 19:27:35.030,8011.516312847221,2001,12,7,19,27,35.03,141055,2.804489201186417e-05,0.0002279579079555,0.1230266247983693,-0.8689999999999998,23.850333125115544,1.0369710054398062,2001-12-07 19:27:35.030,1097.8819602974804,-569.08422615643,8011.4170197916665,90,0.6815589119605687
143689,2002-03-17,21:43:28.66,-36.74713,-179.41692,33.0,5.648,2002-03-17 21:43:28.660,8111.610683564814,2002,3,17,21,43,28.66,137313,9.60949594115927e-06,0.0456298545942923,0.0002105966811991,1.4590000000000003,0.9540133250046218,14.683509437027658,2002-03-17 21:43:28.660,2269.550788466808,11.514015604877445,8111.511390509259,168,0.8247645699778288
147082,2002-09-08,14:57:46.27,-37.81223,176.84242,5.0,4.85,2002-09-08 14:57:46.270,8286.328942939814,2002,9,8,14,57,46.27,147080,2.781877722420018e-10,1.0127943234014277e-06,0.0002746735105186,-2.023,2.156899691314797,0.0414788402175922,2002-09-08 14:57:46.270,1918.549710397542,-17.286099013379996,8286.229649884259,185,1.0
148677,2002-12-02,09:23:11.41,-38.41995,178.85297,25.4205,4.391,2002-12-02 09:23:11.410,8371.096595023148,2002,12,2,9,23,11.41,148670,3.371283830388583e-07,0.0014523356454995,0.0002321284229878,-0.1879999999999997,0.2903518815231458,0.4562672423935147,2002-12-02 09:23:11.410,2072.135578324168,-128.67093362600568,8370.997301967593,206,1.0
149747,2003-01-20,18:27:28.68,-45.43217,166.40402,12.0,4.591,2003-01-20 18:27:28.680,8420.474572685185,2003,1,20,18,27,28.68,149147,1.4983997158374078e-05,0.1271636377664201,0.0001178324041491,-0.0010000000000003,0.2903518815231458,0.2903518815231458,2003-01-20 18:27:28.680,903.2008425495566,-689.1139198058502,8420.375279629628,91,0.9655628566747357
149845,2003-01-25,21:30:31.61,-40.4094,176.16472,35.3016,5.2,2003-01-25 21:30:31.610,8425.601689930556,2003,1,25,21,30,31.61,84176,2.830463617071859e-05,157.31717789413986,1.799208233303361e-07,-2.7630000000000003,5.184855027199031,0.0829576804351845,2003-01-25 21:30:31.610,1792.2606595884722,-287.12474712827367,8425.502396875001,162,1.0
153328,2003-08-03,11:46:14.64,-40.49393,175.97893,52.2434,5.1,2003-08-03 11:46:14.640,8615.195937962962,2003,8,3,11,46,14.64,153100,1.20304452180743e-05,0.0586027325697754,0.0002052881272003,-0.5299999999999994,4.064926341324041,1.0784498456573983,2003-08-03 11:46:14.640,1774.701561531017,-292.5984296555371,8615.096644907408,141,1.0
159080,2003-09-27,10:04:36.01,-38.20626,176.29666,162.9056,5.244,2003-09-27 10:04:36.010,8670.125351967592,2003,9,27,10,4,36.01,153039,3.654285276368868e-06,0.8472183089987555,4.313274674962479e-06,-1.5059999999999998,2.0324631706620204,0.1244365206527767,2003-09-27 10:04:36.010,1861.5946370684908,-48.85961929520422,8670.026058912037,225,1.0
153666,2003-08-21,12:12:49.86,-45.19286,166.83005,24.3452,7.1,2003-08-21 12:12:49.860,8633.214401157407,2003,8,21,12,12,49.86,153639,6.590093183843658e-06,0.0053733230251416,0.0012264464937262,-2.414,278.2815390198264,0.2903518815231458,2003-08-21 12:12:49.860,940.1047934327075,-667.2457147938221,8633.115108101852,117,0.007017220781255342
156874,2003-08-27,13:01:20.47,-45.42919,166.73936,26.1869,4.567,2003-08-27 13:01:20.470,8639.248088773149,2003,8,27,13,1,20.47,156757,2.955097156742398e-09,0.0038696842851208,7.636532954651956e-07,-0.6420000000000003,0.9540133250046218,0.0414788402175922,2003-08-27 13:01:20.470,929.2778279419366,-692.3650079514199,8639.148795717592,113,0.6980655070559888
157828,2003-09-04,08:40:44.07,-45.1936,166.92503,23.1262,5.5,2003-09-04 08:40:44.070,8647.067111921297,2003,9,4,8,40,44.07,153665,1.558717172594443e-08,0.0030551656781579,5.101907185387849e-06,1.5999999999999996,4.728587784805517,278.2815390198264,2003-09-04 08:40:44.070,947.4919419697014,-668.3705867183078,8646.96781886574,116,1.0
159238,2003-09-30,19:37:49.66,-45.63585,166.92747,10.1495,5.5,2003-09-30 19:37:49.660,8673.52342662037,2003,9,30,19,37,49.66,153665,5.534032999141636e-07,0.0088900110031505,6.225001293227203e-05,1.5999999999999996,5.765558790245323,278.2815390198264,2003-09-30 19:37:49.660,940.5229347327557,-717.2433737130164,8673.424133564815,111,0.788253854566557
255043,2011-01-27,15:02:46.96,-38.41254,176.00592,151.023,5.6,2011-01-27 15:02:46.960,11349.332423148147,2011,1,27,15,2,46.96,254662,1.2030581453570423e-05,0.0246431178326928,0.0004881923438117,-0.5999999999999996,10.328231214180471,2.7376034543610888,2011-01-27 15:02:46.960,1831.510937032402,-65.42328569647984,11349.233130092593,226,1.0
166168,2004-05-12,09:52:57.79,-40.65113,175.76532,27.4146,4.5,2004-05-12 09:52:57.790,8898.117270717594,2004,5,12,9,52,57.79,166160,1.0359994084057523e-07,0.0021040300575897,4.923881218657848e-05,-1.356,1.5347170880509131,0.1244365206527767,2004-05-12 09:52:57.790,1752.9682637615756,-305.50202301626257,8898.017977662037,143,0.983951184657053
166153,2004-05-11,23:22:03.42,-38.02504,178.17769,5.0,4.8,2004-05-11 23:22:03.420,8897.679141435186,2004,5,11,23,22,3.42,166063,1.1785272945505182e-05,0.0129282915766649,0.0009115878053661,-0.5,0.8710556445694373,0.9125344847870296,2004-05-11 23:22:03.420,2026.4385805150139,-70.03637556678497,8897.57984837963,191,1.0
174465,2005-01-20,18:56:31.42,-41.09117,175.05261,30.8473,5.3,2005-01-20 18:56:31.420,9151.494743287038,2005,1,20,18,56,31.42,164854,2.463478828578629e-06,1.6181190408381043,1.522433619780329e-06,-0.915,17.545549412041524,1.5761959282685056,2005-01-20 18:56:31.420,1683.0965720388851,-339.6955183677142,9151.395450231481,146,1.0
168203,2004-07-18,04:22:22.72,-38.00536,176.51411,5.0,5.4,2004-07-18 04:22:22.720,8964.887698148148,2004,7,18,4,22,22.72,168174,2.442381308768758e-10,5.050617185494288e-05,4.835807623241455e-06,-0.5,18.45808389682855,1.9080266500092435,2004-07-18 04:22:22.720,1885.3958335509199,-31.433729668108114,8964.788405092593,164,1.0
172642,2004-11-23,13:00:32.19,-38.33299,178.95413,12.0,4.229,2004-11-23 13:00:32.190,9093.247529976852,2004,11,23,13,0,32.19,172638,2.4028120799688683e-09,0.0003185750661304,7.542373322413738e-06,-0.1610000000000004,0.331830721740738,0.0829576804351845,2004-11-23 13:00:32.190,2083.2175223895188,-121.55615372106513,9093.148236921295,174,0.9858951634891435
172311,2004-11-12,08:19:29.79,-45.12283,166.9213,17.7726,4.1,2004-11-12 08:19:29.790,9082.052363310186,2004,11,12,8,19,29.79,153665,6.86052741999581e-07,0.0989896028579559,6.930553534839666e-06,3.0,0.2073942010879612,278.2815390198264,2004-11-12 08:19:29.790,948.3425940111398,-660.512783322401,9081.953070254629,107,1.0
176417,2005-03-14,08:04:35.93,-45.07933,166.80919,5.0,5.2,2005-03-14 08:04:35.930,9204.042017708334,2005,3,14,8,4,35.93,153665,8.774409590246346e-07,0.1258939836365621,6.969681423043061e-06,1.8999999999999997,1.5761959282685056,278.2815390198264,2005-03-14 08:04:35.930,940.292791003165,-654.4766463578475,9203.942724652778,97,1.0
178800,2005-05-13,17:07:58.50,-38.21132,179.47336,12.0,5.3,2005-05-13 17:07:58.500,9264.419362268518,2005,5,13,17,7,58.5,178586,2.2277950403134275e-07,0.0506748259678439,4.396255927404845e-06,-1.2999999999999998,2.115420851097205,0.0829576804351845,2005-05-13 17:07:58.500,2130.613966441855,-120.60655270221991,9264.320069212963,147,1.0
185304,2005-12-12,13:55:47.78,-40.51475,176.05434,26.0308,4.7,2005-12-12 13:55:47.780,9477.28590486111,2005,12,12,13,55,47.78,153327,8.165103696608291e-05,2.037288767610474,4.007828358168931e-05,0.3999999999999994,1.9080266500092435,4.064926341324041,2005-12-12 13:55:47.780,1780.3552699546258,-296.39944831824266,9477.186611805555,159,0.745326448284023
185819,2005-12-29,03:47:56.81,-38.23961,177.67821,62.5263,4.12,2005-12-29 03:47:56.810,9493.86378715278,2005,12,29,3,47,56.81,185817,3.392942788662388e-06,0.0001773116853137,0.0191354719947443,-1.037,0.331830721740738,0.0414788402175922,2005-12-29 03:47:56.810,1978.0417020189825,-82.24691421863179,9493.764494097222,171,1.0
187651,2006-03-04,07:26:55.80,-45.02589,167.42166,112.7966,4.636,2006-03-04 07:26:55.800,9559.015858796296,2006,3,4,7,26,55.8,187649,7.650538141327855e-07,9.046350035852304e-05,0.0084570441238813,-1.3610000000000002,1.5761959282685056,0.0414788402175922,2006-03-04 07:26:55.800,988.9746567583999,-655.4449176717527,9558.916565740741,93,0.9258534416944938
185632,2005-12-24,00:15:55.90,-40.38179,176.95311,12.0,4.2,2005-12-24 00:15:55.900,9488.716554398148,2005,12,24,0,15,55.9,185555,1.0212963446803196e-05,0.0511193336151842,0.0001997867093433,-0.7400000000000002,0.497746082611107,0.0829576804351845,2005-12-24 00:15:55.900,1857.9224194285102,-300.4743478897162,9488.617261342593,158,0.9987850069361408
197123,2007-01-20,02:30:37.89,-37.91088,178.69069,12.0,4.4,2007-01-20 02:30:37.890,9880.810095949071,2007,1,20,2,30,37.89,197121,2.949043992845107e-10,1.098407216679094e-05,2.6848366872180585e-05,-0.4060000000000001,0.497746082611107,0.0414788402175922,2007-01-20 02:30:37.890,2073.26037410807,-69.37169524907846,9880.710802893518,193,1.0
200462,2007-04-22,11:49:10.83,-37.90944,176.73756,5.0,4.0,2007-04-22 11:49:10.830,9973.197977199074,2007,4,22,11,49,10.83,199215,4.76963462381086e-08,0.3204062794845324,1.4886208321148444e-07,-0.0470000000000001,0.7051402836990682,0.7466191239166605,2007-04-22 11:49:10.830,1907.0045247097942,-25.678183897392188,9973.098684143517,204,0.8972298721898492
200116,2007-04-13,06:07:39.78,-45.09519,167.4357,122.9089,4.215,2007-04-13 06:07:39.780,9963.96081226852,2007,4,13,6,7,39.78,194049,7.849900066681561e-07,2.484506167324023,3.15954138891771e-07,-0.5659999999999998,0.7051402836990682,0.1244365206527767,2007-04-13 06:07:39.780,988.9068103802261,-663.2567238268994,9963.861519212964,104,0.9358732285989335
203810,2007-08-04,06:42:06.64,-40.0288,176.71405,45.7735,4.046,2007-08-04 06:42:06.640,10076.984734259258,2007,8,4,6,42,6.64,203778,1.0386722350511534e-05,0.012173878340207,0.0008531974823673,-0.6460000000000004,0.663661443481476,0.0414788402175922,2007-08-04 06:42:06.640,1847.92100019969,-256.8876180443913,10076.885441203704,145,1.0
205620,2007-10-03,19:15:11.54,-42.0901,172.86786,56.7151,5.5,2007-10-03 19:15:11.540,10137.50770763889,2007,10,3,19,15,11.54,205617,7.53846467646771e-06,9.337602383734008e-05,0.0807323375602245,-0.2000000000000001,8.83499296634715,0.1244365206527767,2007-10-03 19:15:11.540,1480.9259261935483,-409.68056879031195,10137.408414583333,144,1.0
205997,2007-10-15,12:29:33.72,-44.73866,167.43544,5.0,6.7,2007-10-15 12:29:33.720,10149.226019907408,2007,10,15,12,29,33.72,205531,3.696363937235739e-05,0.0060301795521735,0.006129774255069,-0.1000000000000005,88.68176038521223,2.4057727326203504,2007-10-15 12:29:33.720,994.8619099720271,-623.8945296765235,10149.126726851853,106,0.6675513052156427
207904,2007-11-21,11:17:38.02,-37.47201,177.15837,5.0,4.2,2007-11-21 11:17:38.020,10186.176069675925,2007,11,21,11,17,38.02,207895,2.3780103580723876e-09,0.0002517882169244,9.444486271516514e-06,-0.5030000000000001,0.6221826032638837,0.0829576804351845,2007-11-21 11:17:38.020,1954.7233558654896,13.09565293243237,10186.07677662037,207,0.9928949882013709
208925,2007-12-20,07:55:16.82,-38.89009,178.537,33.0,6.7,2007-12-20 07:55:16.820,10215.03554652778,2007,12,20,7,55,16.82,208921,3.753775492646408e-05,0.0006115236315178,0.0613839809154904,-3.011,102.743087218976,0.0829576804351845,2007-12-20 07:55:16.820,2031.842215502615,-172.62114072661367,10214.936253472222,203,0.8355057464833923
214575,2008-06-12,21:06:24.23,-37.58283,177.09467,5.0,5.2,2008-06-12 21:06:24.230,10390.584937847225,2008,6,12,21,6,24.23,214564,2.012948517590428e-06,0.0162450012614584,0.0001239118720394,-2.516,8.171331522865673,0.0829576804351845,2008-06-12 21:06:24.230,1946.2799322615185,2.3614071453317527,10390.485644791666,205,1.0
217144,2008-08-25,11:25:19.31,-39.71539,176.85085,31.8389,5.5,2008-08-25 11:25:19.310,10464.181408680555,2008,8,25,11,25,19.31,217142,3.220268351163778e-06,1.2365426247491516e-05,0.2604251795862718,-3.133,22.730404439240555,0.0414788402175922,2008-08-25 11:25:19.310,1867.8396876072843,-225.5281532368662,10464.082115625,156,1.0
222621,2009-01-24,20:19:30.36,-45.08071,167.42867,90.6921,4.201,2009-01-24 20:19:30.360,10616.552369907407,2009,1,24,20,19,30.36,220154,1.9522850142681634e-06,0.8509324921231763,2.294288950463019e-06,-0.4639999999999995,0.7466191239166605,0.2903518815231458,2009-01-24 20:19:30.360,988.6018701460473,-661.5773674464017,10616.453076851853,105,1.0
219533,2008-10-27,09:33:25.35,-37.49738,177.14227,5.0,4.3,2008-10-27 09:33:25.350,10527.103700810185,2008,10,27,9,33,25.35,219528,3.845523273469528e-10,0.0001262521569211,3.0459069906186115e-06,-0.5,0.7051402836990682,0.0414788402175922,2008-10-27 09:33:25.350,1952.6592237025945,10.67178051025192,10527.00440775463,187,1.0
222835,2009-01-31,16:53:44.19,-36.99612,177.18283,5.0,4.2,2009-01-31 16:53:44.190,10623.409474421296,2009,1,31,16,53,44.19,222788,2.127396831780664e-07,0.0269579338438271,7.891542594121303e-06,-0.798,0.497746082611107,0.2073942010879612,2009-01-31 16:53:44.190,1969.6014432483894,64.61917305578896,10623.31018136574,190,1.0
225209,2009-04-08,11:12:58.85,-38.6894,178.54152,26.2934,5.1,2009-04-08 11:12:58.850,10690.172838541666,2009,4,8,11,12,58.85,225156,7.471602988482642e-07,0.02623765239268,2.84766444675024e-05,-1.828,6.2218260326388375,0.0829576804351845,2009-04-08 11:12:58.850,2038.0671717317268,-150.84085082996208,10690.073545486111,160,1.0
228367,2009-07-02,23:36:13.85,-36.73466,177.43604,5.0,4.392,2009-07-02 23:36:13.850,10775.688984375,2009,7,2,23,36,13.85,228358,4.427105759322523e-06,0.0009563323160991,0.0046292545852477,0.1549999999999993,0.2073942010879612,0.6221826032638837,2009-07-02 23:36:13.850,1998.5329561175085,87.6399502101725,10775.589691319445,166,0.17965011802824019
228780,2009-07-15,09:22:29.32,-45.77025,166.58707,12.0,7.8,2009-07-15 09:22:29.320,10788.096107870371,2009,7,15,9,22,29.32,153665,4.9593299846062257e-05,0.4752514322324242,0.0001043517104474,-0.7000000000000002,358.8334467223906,278.2815390198264,2009-07-15 09:22:29.320,912.079820848146,-728.4085302565719,10787.996814814815,114,0.5112947256509539
229337,2009-07-16,22:18:23.07,-46.18637,166.12094,33.0,5.7,2009-07-16 22:18:23.070,10789.634924421296,2009,7,16,22,18,23.07,228779,6.705390747566737e-09,0.0001479744889549,4.53145051888574e-05,2.1,1.65915360870369,358.8334467223906,2009-07-16 22:18:23.070,869.7647723498457,-769.5373900390925,10789.53563136574,115,0.8624177171260212
233276,2009-10-01,05:44:08.09,-46.0854,166.00555,24.9455,5.0,2009-10-01 05:44:08.090,10865.94447326389,2009,10,1,5,44,8.09,233255,5.354580076424575e-09,0.0033295540279497,1.608197383636336e-06,-1.406,0.663661443481476,0.0829576804351845,2009-10-01 05:44:08.090,862.4417799688797,-757.2064868179184,10865.845180208335,112,1.0
236439,2009-12-29,11:22:51.40,-44.40444,167.03792,5.0,4.2,2009-12-29 11:22:51.400,10955.179696759258,2009,12,29,11,22,51.4,236418,2.1791565189235467e-07,0.0048622127444821,4.481820589599955e-05,-0.3090000000000001,0.3733095619583302,0.0829576804351845,2009-12-29 11:22:51.400,969.0728405140042,-582.4643761879742,10955.080403703703,110,1.0
240629,2010-04-13,01:39:54.73,-38.55708,178.56572,27.9931,4.6,2010-04-13 01:39:54.730,11059.774874189814,2010,4,13,1,39,54.73,240625,3.150112707215187e-08,0.0012381609903502,2.544186686356539e-05,-1.4209999999999998,2.3228150521851663,0.0414788402175922,2010-04-13 01:39:54.730,2043.9490852228455,-136.96705651614647,11059.67558113426,172,1.0
241655,2010-05-08,14:14:12.09,-36.57866,177.07919,5.0,4.8,2010-05-08 14:14:12.090,11085.298686226852,2010,5,8,14,14,12.09,241653,2.615743909954689e-09,9.617014438280423e-06,0.000271991263686,-1.3609999999999998,1.2443652065277675,0.0829576804351845,2010-05-08 14:14:12.090,1971.7332815524942,112.57002705808978,11085.199393171297,213,1.0
250014,2010-10-12,05:07:56.03,-45.04345,167.40109,111.8535,4.665,2010-10-12 05:07:56.030,11241.919333680557,2010,10,12,5,7,56.03,91596,4.230478287027562e-06,3.452350623168415,1.2253906826952053e-06,1.5279999999999996,1.2443652065277675,32.06314348819881,2010-10-12 05:07:56.030,987.0751757938997,-657.147144734251,11241.820040625,108,1.0
245907,2010-09-03,16:35:41.83,-43.52731,172.16794,11.0426,7.2,2010-09-03 16:35:41.830,11203.39694710648,2010,9,3,16,35,41.83,228779,6.778097166256592e-05,0.0399358386232481,0.0016972467337422,0.5999999999999996,263.59802958279874,358.8334467223906,2010-09-03 16:35:41.830,1391.9445906309547,-555.8676601300975,11203.297654050924,119,1.0
254713,2011-01-19,17:03:20.50,-43.6114,172.54054,8.8897,4.8,2011-01-19 17:03:20.500,11341.416144675926,2011,1,19,17,3,20.5,254705,6.096453002133162e-07,0.004650585192464,0.0001310900187789,-1.7289999999999996,1.3688017271805444,0.0414788402175922,2011-01-19 17:03:20.500,1419.5112143466818,-571.154001997751,11341.316851620371,121,0.9179260184850974
254419,2011-01-12,15:47:33.33,-38.96471,177.38741,42.2984,4.4,2011-01-12 15:47:33.330,11334.36351539352,2011,1,12,15,47,33.33,243905,3.404899799644941e-06,0.4374276487617694,7.783915372709573e-06,0.6999999999999993,0.6221826032638837,5.765558790245323,2011-01-12 15:47:33.330,1933.3537562244069,-155.0499241062012,11334.264222337963,161,1.0
256177,2011-02-21,23:51:42.32,-43.58213,172.67848,5.4143,6.2,2011-02-21 23:51:42.320,11374.699730555556,2011,2,21,23,51,42.32,256171,7.748751480744767e-07,0.0037915976513317,0.000204366396261,-3.103,51.30932534916162,0.0414788402175922,2011-02-21 23:51:42.320,1431.098865115713,-570.2171720786317,11374.6004375,122,0.6762538398116639
265312,2011-07-31,14:07:29.80,-45.09422,167.30835,99.6167,4.6,2011-07-31 14:07:29.800,11534.294030092591,2011,7,31,14,7,29.8,15424,4.297525284618842e-06,2.9974207483793007,1.4337410878811408e-06,2.1000000000000005,0.5807037630462916,68.93783244163832,2011-07-31 14:07:29.800,978.9941046126416,-661.6919531810664,11534.194737037036,109,1.0
264310,2011-07-04,08:36:51.67,-40.79179,177.00922,12.0,4.8,2011-07-04 08:36:51.670,11507.06442210648,2011,7,4,8,36,51.67,264270,1.6943456286180335e-06,0.0053175714033631,0.0003186314766824,-0.7000000000000002,0.5807037630462916,0.2903518815231458,2011-07-04 08:36:51.670,1851.0948574189642,-346.4174639000695,11506.965129050926,149,1.0
262988,2011-06-13,02:20:49.26,-43.57064,172.73773,6.916,6.0,2011-06-13 02:20:49.260,11485.803283101852,2011,6,13,2,20,49.26,262986,7.939489623924129e-11,2.381730064765934e-06,3.3334968313062745e-05,-3.746,26.13166933708312,0.0414788402175922,2011-06-13 02:20:49.260,1436.0528313489256,-569.9393400552555,11485.703990046297,124,1.0
263656,2011-06-21,10:34:22.99,-43.59583,172.52338,8.8226,5.2,2011-06-21 10:34:22.990,11494.14603460648,2011,6,21,10,34,22.99,263630,1.0010421695272734e-09,0.0102901602970813,9.728149422620752e-08,-1.6260000000000003,7.00992399677309,0.0414788402175922,2011-06-21 10:34:22.990,1418.514834631585,-569.1638495798658,11494.046741550927,123,1.0
266625,2011-09-01,15:29:51.00,-43.58242,172.84421,9.4811,4.6,2011-09-01 15:29:51.000,11566.351219907408,2011,9,1,15,29,51.0,266620,7.454891276138962e-07,0.0010028314387253,0.000743384280574,-1.3099999999999996,0.5392249228286993,0.0414788402175922,2011-09-01 15:29:51.000,1444.1944785841786,-573.005584628081,11566.251926851852,120,0.9511176330104224
269890,2011-11-21,02:53:35.13,-37.54715,179.73474,12.0,4.245,2011-11-21 02:53:35.130,11646.826036226852,2011,11,21,2,53,35.13,269601,3.062452107115913e-07,0.0028780909691736,0.0001064056744528,1.5549999999999995,0.331830721740738,8.959429486999927,2011-11-21 02:53:35.130,2172.7225077059934,-54.561883200652495,11646.726743171297,197,1.0
269602,2011-11-18,07:51:21.27,-37.44217,179.95273,33.0,5.8,2011-11-18 07:51:21.270,11644.03282025463,2011,11,18,7,51,21.27,269582,1.974086772815287e-09,0.0002014995736413,9.796977418566588e-06,-0.2999999999999998,8.959429486999927,0.6221826032638837,2011-11-18 07:51:21.270,2194.443204935973,-48.457438221089845,11643.933527199075,198,0.7129954437378088
271200,2011-12-23,02:18:03.59,-43.52452,172.74977,7.4865,5.9,2011-12-23 02:18:03.590,11678.801365625,2011,12,23,2,18,3.59,271137,7.536880869014086e-10,5.683163816915358e-05,1.3261769521021598e-05,-0.1000000000000005,19.90984330444428,14.766467117462842,2011-12-23 02:18:03.590,1438.0853640122052,-565.0802863422568,11678.702072569446,118,0.7274012514215297
272997,2012-01-25,06:02:32.43,-46.82451142,165.6630602,5.46875,5.764429218,2012-01-25 06:02:32.430,11711.957254976853,2012,1,25,6,2,32.43,272779,2.2276152318196998e-07,0.0133984007332673,1.6625978548982212e-05,-0.6570788810000003,0.7466191239166605,0.1244365206527767,2012-01-25 06:02:32.430,825.269730018836,-835.5359247146603,11711.857961921296,87,1.0
279206,2012-08-24,10:01:52.78,-33.43503189,-178.7172089,33.0,6.126763792,2012-08-24 10:01:52.780,11924.12346273148,2012,8,24,10,1,52.78,278880,4.020046397393745e-06,0.0327858967484826,0.0001226151118645,-1.4158762620000005,1.990984330444428,0.0414788402175922,2012-08-24 10:01:52.780,2431.8417322814003,354.4587923143512,11924.024169675926,75,0.9447555798583464
277898,2012-07-21,04:54:05.76,-37.80742264,-179.8257294,33.0,5.794982525,2012-07-21 04:54:05.760,11889.909724074074,2012,7,21,4,54,5.76,277831,1.4237285157486156e-06,0.0114002909340554,0.000124885279155,-1.1991958,2.862039975013865,0.2073942010879612,2012-07-21 04:54:05.760,2202.0956985931907,-93.69382873897145,11889.810431018519,127,0.9608770102838795
278366,2012-08-02,10:26:10.67,-35.79535294,-179.0054932,113.5305328,5.245279177,2012-08-02 10:26:10.670,11902.140336458337,2012,8,2,10,26,10.67,278355,2.635749680036621e-07,0.0008720945013044,0.0003022321177457,-0.6616325309999995,0.4147884021759225,0.0414788402175922,2012-08-02 10:26:10.670,2334.403008586953,104.6408334559318,11902.041043402778,125,0.7933124146295468
281168,2012-11-14,16:21:05.72,-38.43169022,178.7855377,33.0,4.686556765,2012-11-14 16:21:05.720,12006.386806944443,2012,11,14,16,21,5.72,281163,1.612851639319137e-08,0.0003721745180148,4.333589650151551e-05,-1.039373413,2.0324631706620204,0.0829576804351845,2012-11-14 16:21:05.720,2066.1117419569446,-128.38026307726153,12006.28751388889,126,0.9849889946553418
283356,2013-02-16,05:16:17.01,-36.30949783,178.2134857,193.6281433,5.925347287,2013-02-16 05:16:17.010,12099.925132060183,2013,2,16,5,16,17.01,283342,0.0002292167842623,0.0122434975872165,0.0187215117763161,-2.247204757,12.89991930767119,0.1244365206527767,2013-02-16 05:16:17.010,2077.6494848948128,116.55400401716685,12099.82583900463,22,1.0
286549,2013-07-03,19:41:07.40,-44.61676818,168.0115052,5.1171875,5.075652101,2013-07-03 19:41:07.400,12237.525715277778,2013,7,3,19,41,7.4,286363,3.367734927747114e-05,0.0475659510055603,0.0007080137906531,-0.7072836560000004,1.327322886962952,0.0414788402175922,2013-07-03 19:41:07.400,1042.1498149426993,-617.2499949749275,12237.426422222223,10,0.9934319581759542
287134,2013-07-21,05:09:30.52,-41.59821757,174.3228852,15.60546875,6.493254878,2013-07-21 05:09:30.520,12254.920427314812,2013,7,21,5,9,30.52,287130,5.4676863658845245e-09,7.241286087024633e-05,7.550711710840771e-05,-2.095448329,77.0676851242864,0.1244365206527767,2013-07-21 05:09:30.520,1610.7951750016232,-381.49088027090727,12254.821134259259,53,1.0
289303,2013-08-16,02:31:05.92,-41.70170969,174.1616585,7.4609375,6.468769,2013-08-16 02:31:05.920,12280.810420370372,2013,8,16,2,31,5.92,289283,3.4884814978695965e-08,0.0430810881700896,8.097477677668269e-07,-4.2289327,79.59789437755953,0.0414788402175922,2013-08-16 02:31:05.920,1595.131819953875,-389.8724217328576,12280.711127314815,54,1.0
298560,2014-06-02,06:31:40.58,-33.332661,-177.86606,33.0,5.3776019,2014-06-02 06:31:40.580,12570.977488194443,2014,6,2,6,31,40.58,298558,9.236776520655481e-08,1.3135000020906535e-05,0.007032186148423,-1.2723565,0.2073942010879612,0.0414788402175922,2014-06-02 06:31:40.580,2511.136437116455,342.658574507108,12570.878195138888,9,1.0
294558,2014-01-20,02:52:45.98,-40.620579,175.86497,34.179688,6.2297616,2014-01-20 02:52:45.980,12437.825467361112,2014,1,20,2,52,45.98,236839,4.0261758691778135e-06,31.74716038596913,1.268200311533125e-07,-2.9937616,72.2976184992633,0.165915360870369,2014-01-20 02:52:45.980,1761.9666568524524,-304.1543133971,12437.726174305555,46,1.0
294347,2014-01-11,16:35:17.26,-36.892168,176.97253,245.70312,4.3907539,2014-01-11 16:35:17.260,12429.396662731482,2014,1,11,16,35,17.26,259335,1.0866815537874988e-05,2.5713454299150595,4.226120462638096e-06,0.6552461000000003,0.7051402836990682,1.327322886962952,2014-01-11 16:35:17.260,1954.1815894889457,80.58022547694257,12429.297369675925,25,1.0
298334,2014-05-23,07:00:34.75,-45.610636,167.17532,80.234375,5.0665752,2014-05-23 07:00:34.750,12560.997559606483,2014,5,23,7,0,34.75,228779,7.424468853556184e-06,0.1704843804353668,4.354926143143601e-05,2.7334248,0.497746082611107,358.8334467223906,2014-05-23 07:00:34.750,960.0954753861107,-717.2079824545756,12560.898266550927,14,1.0
301575,2014-10-13,05:13:41.57,-46.28947067,165.8665924,9.729614258,6.185397483,2014-10-13 05:13:41.570,12703.92333298611,2014,10,13,5,13,41.57,301572,1.228117127825152e-06,0.0006140572270722,0.002000004354123,-3.161785163,3.774574459800895,0.0829576804351845,2014-10-13 05:13:41.570,848.7232439679943,-778.37538184728,12703.824039930554,15,1.0
302369,2014-11-16,22:33:17.96,-37.59731987,-179.8875817,32.1875,6.475534207,2014-11-16 22:33:17.960,12738.645281944444,2014,11,16,22,33,17.96,301612,3.3565612628346234e-05,0.0149275265320241,0.0022485716274787,0.0380030339999999,5.765558790245323,3.608659098930526,2014-11-16 22:33:17.960,2203.2949744549187,-69.29035619716487,12738.545988888889,24,0.5750241253161397
303964,2015-01-05,17:48:41.75,-43.05787176,171.252012,5.1171875,5.951265019,2015-01-05 17:48:41.750,12788.447640625,2015,1,5,17,48,41.75,39857,5.954303879490503e-05,12.230322297331956,4.868476671943007e-06,-0.451265019,19.826885624009098,9.58161209026381,2015-01-05 17:48:41.750,1329.3214900650885,-489.9158128737256,12788.348347569445,30,1.0
311173,2015-10-12,08:05:01.71,-40.57806609,176.3257242,23.28125,5.691131913,2015-10-12 08:05:01.710,13068.042316087962,2015,10,12,8,5,1.71,311164,2.2260271321684524e-08,0.0027899906938499,7.978618484553845e-06,-1.9212541990000005,8.212810363083266,0.1244365206527767,2015-10-12 08:05:01.710,1800.9703869985656,-308.850399964773,13067.943023032409,39,0.9952733198853841
306488,2015-03-31,04:53:16.85,-35.38542175,178.5587921,210.9905396,4.118449673,2015-03-31 04:53:16.850,12872.90915798611,2015,3,31,4,53,16.85,306485,6.173694153130761e-06,0.0009656744036256,0.0063931425850693,-0.8517763519999999,0.0829576804351845,0.0414788402175922,2015-03-31 04:53:16.850,2133.5077560605273,209.54627233355944,12872.809864930554,26,1.0
307384,2015-05-04,02:29:10.43,-44.53660583,168.8369293,4.294401169,5.792173636,2015-05-04 02:29:10.430,12906.809083680557,2015,5,4,2,29,10.43,307099,4.790441157966772e-05,0.0061362263976059,0.0078068194482454,0.4409469149999996,15.84491696312024,25.59244441425442,2015-05-04 02:29:10.430,1108.3909136330817,-618.7067656411922,12906.709790625,16,1.0
309099,2015-07-07,05:35:15.14,-35.62511826,-178.950592,33.0,5.656613508,2015-07-07 05:35:15.140,12970.93830486111,2015,7,7,5,35,15.14,309066,5.544765522324382e-06,0.0068241044526083,0.0008125264730092,-1.600511774,0.6221826032638837,0.0829576804351845,2015-07-07 05:35:15.140,2344.428662417684,121.76216538044214,12970.839011805554,23,1.0
310461,2015-09-07,14:06:26.57,-32.88363266,-177.8951111,33.0,5.774617791,2015-09-07 14:06:26.570,13033.293298263889,2015,9,7,14,6,26.57,310452,1.0748541789901533e-08,0.000590429940587,1.8204601513288035e-05,-1.0858527439999994,0.663661443481476,0.0414788402175922,2015-09-07 14:06:26.570,2522.4400953999325,392.4333176162303,13033.194005208332,20,0.9577198942067047
313454,2016-02-14,00:13:43.98,-43.49731827,172.7545929,8.0,5.701799323,2016-02-14 00:13:43.980,13192.715027546295,2016,2,14,0,13,43.98,271199,4.06639239386156e-06,1.3854827028553276,2.935000477076453e-06,0.198200677,9.37421788917585,19.90984330444428,2016-02-14 00:13:43.980,1439.1041420919973,-562.1765871071864,13192.61573449074,27,1.0
315846,2016-06-07,02:55:22.56,-45.10600281,166.8423462,17.04810905,5.75868198,2016-06-07 02:55:22.560,13306.82727962963,2016,6,7,2,55,22.56,315841,2.187061326500908e-06,0.0011668919360733,0.001874262096506,-1.5937946370000002,1.5761959282685056,0.165915360870369,2016-06-07 02:55:22.560,942.4540392334363,-657.7859665418433,13306.727986574073,11,1.0
317400,2016-09-01,16:37:55.44,-36.97947693,179.5200195,21.78820992,7.079899473,2016-09-01 16:37:55.440,13393.398493518518,2016,9,1,16,37,55.44,317361,1.6810535671495886e-07,0.0008967534603272,0.0001874599476355,-1.379724747,78.89275409386046,2.57168809349072,2016-09-01 16:37:55.440,2171.3180441056347,12.531561945302137,13393.299200462963,50,0.3580567200449646
320093,2016-11-09,04:33:00.72,-33.37765884,-178.2472382,33.0,5.421299283,2016-11-09 04:33:00.720,13461.895082407404,2016,11,9,4,33,0.72,284313,1.1036723895889518e-05,1.8547163099521773,5.950626430936003e-06,0.1193454150000006,0.2488730413055535,0.331830721740738,2016-11-09 04:33:00.720,2475.652456498821,348.1303231262203,13461.795789351852,18,1.0
320208,2016-11-13,11:02:56.34,-42.6925354,173.0221405,15.11445332,7.820379733,2016-11-13 11:02:56.340,13466.165865046296,2016,11,13,11,2,56.34,320188,6.071874402407775e-05,0.053786981706195,0.0011288743502237,-5.494018872,553.8254745852918,0.1244365206527767,2016-11-13 11:02:56.340,1479.3063966689044,-478.3994913376064,13466.06657199074,66,1.0
324851,2016-11-22,00:19:42.52,-40.67358017,177.2288055,29.1119442,5.548644778,2016-11-22 00:19:42.520,13474.719177314815,2016,11,22,0,19,42.52,324838,1.3256501093235744e-08,0.0004053732520717,3.270196300689769e-05,-1.625889198,0.4562672423935147,0.0414788402175922,2016-11-22 00:19:42.520,1872.3717591151915,-338.18121763610634,13474.619884259258,65,1.0
337998,2017-08-26,00:39:02.30,-33.19853973,-178.4397278,33.0,5.300686765,2017-08-26 00:39:02.300,13751.732600694446,2017,8,26,0,39,2.3,337996,5.560191630969422e-07,0.0002599716985106,0.0021387680516086,-0.8413945219999999,0.0829576804351845,0.0414788402175922,2017-08-26 00:39:02.300,2463.8711951909722,372.86237158044736,13751.63330763889,17,1.0
337807,2017-08-17,20:08:49.92,-38.31808853,176.1132355,133.4358978,4.616697855,2017-08-17 20:08:49.920,13743.544957407406,2017,8,17,20,8,49.92,310829,1.5601122484356576e-05,1.7394002570718017,8.969253868353643e-06,0.4337781170000001,0.9540133250046218,4.521193583717555,2017-08-17 20:08:49.920,1843.077272818344,-57.293580063350824,13743.445664351853,45,1.0
338742,2017-09-30,06:34:33.18,-37.07653046,179.0947571,12.0,5.256951046,2017-09-30 06:34:33.180,13786.979485879629,2017,9,30,6,34,33.18,317460,1.4680874243395758e-06,0.398944283326224,3.6799309720628175e-06,0.556638907,1.65915360870369,5.226333867416623,2017-09-30 06:34:33.180,2131.9773721440315,12.154441179509181,13786.880192824075,51,0.9297785761140634
339403,2017-10-31,07:36:07.02,-37.46266174,177.3622894,11.62663746,4.750828105,2017-10-31 07:36:07.020,13818.022238657408,2017,10,31,7,36,7.02,339401,8.658285312282094e-09,1.4230520331507904e-05,0.0006084306905568,-2.070760753,2.903518815231457,0.0414788402175922,2017-10-31 07:36:07.020,1972.4721920558422,9.649985827940753,13817.922945601851,52,1.0
342236,2018-03-07,16:04:33.90,-42.35692596,173.4416962,8.975295067,4.712806441,2018-03-07 16:04:33.900,13945.375327546297,2018,3,7,16,4,33.9,339192,3.6219861534297683e-07,0.1806721949838358,2.0047280400583035e-06,0.8759840920000004,0.2488730413055535,2.3642938924027583,2018-03-07 16:04:33.900,1520.9811211334118,-448.8282006855679,13945.276034490742,62,0.9948728038017102
343863,2018-05-27,01:13:12.89,-45.13685989,167.3456573,69.78260803,4.58867646,2018-05-27 01:13:12.890,14025.756334375,2018,5,27,1,13,12.89,15424,1.4971795348030531e-05,3.88040777091869,3.858304650412023e-06,2.11132354,0.5807037630462916,68.93783244163832,2018-05-27 01:13:12.890,981.1916671741872,-666.8250312307146,14025.657041319442,13,0.9945553852916997
346582,2018-10-06,09:37:15.89,-44.43523788,167.8302917,5.0,5.159442978,2018-10-06 09:37:15.890,14158.106369097222,2018,10,6,9,37,15.89,346561,5.5691338056402376e-05,0.0098213794948948,0.0056704191183479,-1.0173024820000007,2.0739420108796125,0.2488730413055535,2018-10-06 09:37:15.890,1031.0420215856068,-595.041637078135,14158.007076041666,12,1.0
349231,2019-02-16,14:15:13.72,-35.07642365,178.8157654,213.0048981,4.048525188,2019-02-16 14:15:13.720,14291.299399537036,2019,2,16,14,15,13.72,348476,2.002403862917772e-05,0.4543735657583654,4.406955011952972e-05,-0.324366747,0.0,0.1244365206527767,2019-02-16 14:15:13.720,2164.7671952410424,237.25224072153497,14291.200106481481,67,1.0
355291,2019-10-24,08:53:37.45,-44.6741333,167.4391632,5.0,5.62728772,2019-10-24 08:53:37.450,14541.076063078704,2019,10,24,8,53,37.45,355287,1.3824935608406273e-07,0.0022278803068096,6.205421164750075e-05,-2.166994213,2.613166933708312,0.0829576804351845,2019-10-24 08:53:37.450,996.2327152511548,-616.8139411066508,14540.97677002315,6,0.670171679822869
353343,2019-07-23,23:08:52.48,-33.94016266,-179.1854553,12.0,5.842527681,2019-07-23 23:08:52.480,14448.669987037038,2019,7,23,23,8,52.48,351217,2.686643369919812e-05,0.6505209102408106,4.1299877184966535e-05,-1.944730666,0.497746082611107,0.0829576804351845,2019-07-23 23:08:52.480,2374.8716441439556,311.6190268674137,14448.570693981483,42,0.904710089172319
351501,2019-05-25,18:16:13.68,-37.51703644,177.1413727,5.771409512,4.197914324,2019-05-25 18:16:13.680,14389.466760185183,2019,5,25,18,16,13.68,351425,3.3120795187504237e-09,0.0211331927000157,1.5672404855078813e-07,-1.4172040140000002,1.1614075260925831,0.0414788402175922,2019-05-25 18:16:13.680,1952.0533581999612,8.54141803648575,14389.36746712963,68,1.0
352274,2019-06-19,15:46:27.24,-37.54124451,177.1175842,5.0,4.394496502,2019-06-19 15:46:27.240,14414.362750462964,2019,6,19,15,46,27.24,352272,2.4754313267795768e-08,0.0004276007560701,5.789118217493176e-05,-1.838140278,1.6176747684860977,0.0414788402175922,2019-06-19 15:46:27.240,1949.36215811831,6.411595393503233,14414.263457407407,69,1.0
359275,2020-05-24,19:53:33.27,-40.44614029,174.9778137,36.52345657,5.84628854,2020-05-24 19:53:33.270,14754.534348032408,2020,5,24,19,53,33.27,320207,6.507662473436042e-05,0.1209329173393583,0.000538121680731,1.9740911930000005,19.70244910335632,553.8254745852918,2020-05-24 19:53:33.270,1693.358841248819,-267.64071000760816,14754.435054976851,33,0.8863179586795976
359955,2020-06-18,12:49:49.89,-33.4619751,-177.4386749,10.0,7.394644571,2020-06-18 12:49:49.890,14779.240095949071,2020,6,18,12,49,49.89,312531,7.768517290592611e-06,11.40536742630945,6.811281916856535e-07,-3.2059146039999997,9.789006291351772,0.0829576804351845,2020-06-18 12:49:49.890,2545.234619545475,316.75025000129483,14779.140802893517,63,0.5734604389630846
357085,2020-01-26,09:43:35.58,-35.74417877,-179.2729492,33.0,5.48606234,2020-01-26 09:43:35.580,14635.110763657409,2020,1,26,9,43,35.58,357065,1.1027652460463313e-07,0.0010480038957692,0.0001052253002587,-0.1362983309999998,0.7051402836990682,0.4147884021759225,2020-01-26 09:43:35.580,2312.7313085192764,117.10722659327035,14635.01147060185,64,1.0
368240,2021-03-19,18:52:43.66,-35.53553772,178.9234619,161.5651855,5.896496655,2021-03-19 18:52:43.660,15053.492107175924,2021,3,19,18,52,43.66,365402,1.8119302604356443e-06,0.0028594816819246,0.0006336568868019,1.339022913,2.654645773925904,181.67732015305407,2021-03-19 18:52:43.660,2161.334578211486,184.50184756939294,15053.392814120372,76,1.0
360232,2020-06-24,22:20:01.69,-44.61588669,167.4815063,5.0,5.888094491,2020-06-24 22:20:01.690,14785.63606585648,2020,6,24,22,20,1.69,355290,5.809231338032902e-06,0.309266055238508,1.878392807627331e-05,-0.2608067710000004,6.885487476120313,2.613166933708312,2020-06-24 22:20:01.690,1000.533513696339,-610.8740923210036,14785.536772800926,7,1.0
361496,2020-08-28,15:47:04.25,-36.77912521,177.0865936,5.319799423,5.259493282,2020-08-28 15:47:04.250,14850.363178819443,2020,8,28,15,47,4.25,361494,4.5331339175571123e-10,1.5955374861581716e-05,2.8411328200581847e-05,-2.1033231810000004,5.931474151115692,0.0414788402175922,2020-08-28 15:47:04.250,1967.0594178559297,90.46815155202692,14850.263885763889,72,0.6425966492442929
370678,2021-05-31,04:09:00.38,-45.26531219,166.7803192,12.0,5.514803039,2021-05-31 04:09:00.380,15125.878411805556,2021,5,31,4,9,0.38,153665,6.451014479298196e-06,1.431933762513241,4.505106764139549e-06,1.5851969609999994,1.3688017271805444,278.2815390198264,2021-05-31 04:09:00.380,935.0744676470931,-674.7064146479095,15125.779118749999,8,0.9572663753431457
365403,2021-03-04,13:27:35.22,-37.40475845,179.9621277,33.0,7.235519568,2021-03-04 13:27:35.220,15038.266315046296,2021,3,4,13,27,35.22,365401,9.019609818441394e-07,3.723234776689347e-06,0.2422519760212789,-4.379701409,181.67732015305407,0.0414788402175922,2021-03-04 13:27:35.220,2196.377483293436,-44.61316474492528,15038.167021990741,83,0.9755218581976833
365897,2021-03-05,21:33:23.55,-37.44074249,179.8057556,12.0,5.372119252,2021-03-05 21:33:23.550,15039.603679976852,2021,3,5,21,33,23.55,365470,7.108759448236986e-10,0.0083371203081323,8.526636518970273e-08,-1.1648611630000003,0.829576804351845,0.0414788402175922,2021-03-05 21:33:23.550,2181.9714095496042,-44.700066758749585,15039.504386921297,82,0.8823337506176354
369566,2021-04-18,03:09:15.52,-37.41912842,-179.9342957,33.0,4.790293225,2021-04-18 03:09:15.520,15082.836920370371,2021,4,18,3,9,15.52,365516,4.957801939584976e-07,0.3057163998292637,1.6216997002299536e-06,-0.5928397519999997,0.9125344847870296,0.1244365206527767,2021-04-18 03:09:15.520,2204.760452261362,-48.731074239031244,15082.737627314815,80,1.0
369978,2021-05-02,17:29:08.48,-37.4916153,-179.9924469,33.0,4.632253642,2021-05-02 17:29:08.480,15097.434061111113,2021,5,2,17,29,8.48,369912,7.302459134897339e-07,0.0280287424011245,2.605346693901024e-05,-1.076294508,0.7051402836990682,0.0829576804351845,2021-05-02 17:29:08.480,2197.607064277018,-55.19201140376527,15097.334768055556,81,1.0
372696,2021-09-04,04:54:27.04,-39.92452621,176.5695038,35.60233307,4.872817979,2021-09-04 04:54:27.040,15221.90997037037,2021,9,4,4,54,27.04,363579,1.6798668916504887e-05,6.978277870655077,2.40728002350642e-06,-1.753899137,2.2398573717499817,0.165915360870369,2021-09-04 04:54:27.040,1838.784651140516,-242.47149781624773,15221.810677314814,29,0.9769976013924834
379199,2022-08-14,13:44:18.51,-32.83261871,-178.617157,12.0,6.691298983,2022-08-14 13:44:18.510,15566.277927199077,2022,8,14,13,44,18.51,375151,1.8938943177077527e-05,0.2512002501110712,7.539380700737138e-05,-0.999464808,2.488730413055535,0.2903518815231458,2022-08-14 13:44:18.510,2458.951487914473,417.56613413620425,15566.178634143518,71,0.7069152141690991
374609,2021-12-14,16:53:42.16,-34.96774673,179.2295227,176.8967285,4.511331804,2021-12-14 16:53:42.160,15323.409450925925,2021,12,14,16,53,42.16,373922,9.180751625240028e-06,0.2754698988063556,3.3327603723751074e-05,-0.3457835600000001,0.0414788402175922,0.0414788402175922,2021-12-14 16:53:42.160,2204.3615456676616,239.19126064244995,15323.310157870372,77,0.9361904713964647
375431,2022-01-24,20:25:48.31,-37.475811,179.897583,12.0,5.297735055,2022-01-24 20:25:48.310,15364.556744328704,2022,1,24,20,25,48.31,365402,2.707671444054139e-07,0.0612790124531403,4.418595104032851e-06,1.9377845129999995,0.9540133250046218,181.67732015305407,2022-01-24 20:25:48.310,2188.730354105921,-50.76828673707071,15364.457451273147,73,1.0
387002,2023-09-19,21:14:49.06,-43.69734573,171.0763245,11.69156933,5.973363132,2023-09-19 21:14:49.060,15967.590780787035,2023,9,19,21,14,49.06,320207,7.724819907670971e-05,0.2347966568265912,0.0003290004215594,1.847016601,7.632106600036974,553.8254745852918,2023-09-19 21:14:49.060,1301.7119766665464,-557.555047399149,15967.49148773148,5,1.0
381165,2022-11-30,10:47:59.05,-38.85837173,175.9560089,9.143449783,5.74251188,2022-11-30 10:47:59.050,15674.155479745368,2022,11,30,10,47,59.05,381163,1.72371503216704e-08,0.0002973999131088,5.795950019447944e-05,-3.0910678350000005,13.06583466854156,0.0414788402175922,2022-11-30 10:47:59.050,1815.7380812742947,-113.20505946178572,15674.056186689815,84,1.0
383238,2023-03-17,15:46:01.65,-38.06438065,176.6934509,4.716814995,4.926049046,2023-03-17 15:46:01.650,15781.362454282407,2023,3,17,15,46,1.65,383229,4.4606629403354277e-11,4.118491438337845e-05,1.0830817562985335e-06,-0.2643879209999999,4.313799382629594,0.4562672423935147,2023-03-17 15:46:01.650,1899.1260470401005,-41.68972634950007,15781.263161226852,79,1.0
384307,2023-04-25,22:16:14.37,-40.28248215,176.619812,20.70372009,5.887213472,2023-04-25 22:16:14.370,15820.633434837962,2023,4,25,22,16,14.37,384265,1.5519459182811805e-05,0.0205562238212197,0.000754976172559,-1.972960961,15.513086241379504,0.0829576804351845,2023-04-25 22:16:14.370,1833.2071593854043,-282.63268471993985,15820.534141782406,74,1.0
386432,2023-08-19,18:16:35.28,-37.02398682,177.3850708,190.3697052,4.720611408,2023-08-19 18:16:35.280,15936.467010185186,2023,8,19,18,16,35.28,31431,3.3790451039334666e-05,50.80200030914202,6.651401683735264e-07,-0.122611408,1.65915360870369,0.2488730413055535,2023-08-19 18:16:35.280,1986.3154394047035,57.12115888087794,15936.36771712963,85,1.0
386811,2023-09-08,09:09:56.24,-33.04370117,-178.8240204,100.0,6.778439537,2023-09-08 09:09:56.240,15956.087391666668,2023,9,8,9,9,56.24,379198,7.109153277216282e-06,0.1395832812311268,5.093126637025173e-05,-0.0871405539999994,5.3507703880694,2.488730413055535,2023-09-08 09:09:56.240,2433.9926990585604,400.01787911581766,15955.988098611111,35,1.0
389933,2024-02-18,04:09:10.98,-37.87085724,176.3692322,175.2164612,4.831247654,2024-02-18 04:09:10.980,16118.878534490745,2024,2,18,4,9,10.98,389931,1.5398464063140563e-05,0.0002546938480265,0.0604587200768713,-2.481563468,1.949505490226836,0.0414788402175922,2024-02-18 04:09:10.980,1876.5460102674963,-13.665528588551872,16118.779241435186,86,0.967812496728114
394574,2024-10-07,23:59:05.05,-33.5956916809082,-178.18180847168,33.0,6.33468010995387,2024-10-07 23:59:05.050,16351.704854745369,2024,10,7,23,59,5.05,394568,7.462419619077698e-08,0.0011281597882412,6.614683218510263e-05,-1.8896761872845795,2.2813362119675737,0.0414788402175922,2024-10-07 23:59:05.050,2474.790778383866,322.5781144299421,16351.605561689814,36,1.0
395560,2024-11-27,22:03:59.40,-37.6783332824707,179.675811767578,33.0,5.85142426941358,2024-11-27 22:03:59.400,16402.62492824074,2024,11,27,22,3,59.4,365406,8.731635370803859e-06,3.76226048762415,2.320848170807505e-06,-0.8815676974135798,4.147884021759225,0.2073942010879612,2024-11-27 22:03:59.400,2163.7677484508995,-67.42287213586077,16402.525635185186,70,1.0
395547,2024-11-26,22:29:56.94,-44.9681625366211,167.402908325195,83.2404098510742,4.85478146224329,2024-11-26 22:29:56.940,16401.642955324074,2024,11,26,22,29,56.94,379604,5.756694497850033e-06,10.252962934316058,5.61466430214306e-07,-1.16348560824329,0.497746082611107,0.165915360870369,2024-11-26 22:29:56.940,988.4770628821808,-648.85644031572,16401.54366226852,4,1.0
394513,2024-10-05,16:08:55.13,-41.2635078430176,174.417037963867,29.7079792022705,5.70388667741118,2024-10-05 16:08:55.130,16349.378351041669,2024,10,5,16,8,55.13,394418,3.790152340224252e-06,0.0116137074727804,0.0003263516279454,-0.6834961217867299,5.060418506546255,1.1614075260925831,2024-10-05 16:08:55.130,1626.7860975835852,-346.56660773245244,16349.27905798611,37,1.0
